id,name,read,pattern,sequence,feature_type
AB-ENSG00000205336,AB-ADGRG1,R2,^NNNNNNNNNN(BC),GCCTAGTTTCCGTTT,Antibody Capture
AB-ENSG00000166825,AB-ANPEP,R2,^NNNNNNNNNN(BC),TTTCAACGCCCTTTC,Antibody Capture
AB-ENSG00000109956,AB-B3GAT1,R2,^NNNNNNNNNN(BC),AACTCCCTATGGAGG,Antibody Capture
AB-ENSG00000186265,AB-BTLA,R2,^NNNNNNNNNN(BC),GTTATTGGACTAAGG,Antibody Capture
AB-ENSG00000197405,AB-C5AR1,R2,^NNNNNNNNNN(BC),GCCGCATGAGAAACA,Antibody Capture
AB-ENSG00000183813,AB-CCR4,R2,^NNNNNNNNNN(BC),AGCTTACCTGCACGA,Antibody Capture
AB-ENSG00000160791,AB-CCR5,R2,^NNNNNNNNNN(BC),CCAAAGTAAGAGCCA,Antibody Capture
AB-ENSG00000112486,AB-CCR6,R2,^NNNNNNNNNN(BC),GATCCCTTTGTCACT,Antibody Capture
AB-ENSG00000134256,AB-CD101,R2,^NNNNNNNNNN(BC),CTACTTCCCTGTCAA,Antibody Capture
AB-ENSG00000170458,AB-CD14,R2,^NNNNNNNNNN(BC),TCTCAGACCTCCGTA,Antibody Capture
AB-ENSG00000177575,AB-CD163,R2,^NNNNNNNNNN(BC),GCTTCTCCTTCCTTA,Antibody Capture
AB-ENSG00000177455,AB-CD19,R2,^NNNNNNNNNN(BC),CTGGGCAATTACTCG,Antibody Capture
AB-ENSG00000158481,AB-CD1C,R2,^NNNNNNNNNN(BC),GAGCTACTTCACTCG,Antibody Capture
AB-ENSG00000158473,AB-CD1D,R2,^NNNNNNNNNN(BC),TCGAGTCGCTTATCA,Antibody Capture
AB-ENSG00000116824,AB-CD2,R2,^NNNNNNNNNN(BC),TACGATTTGTCAGGG,Antibody Capture
AB-ENSG00000012124,AB-CD22,R2,^NNNNNNNNNN(BC),GGGTTGTTGTCTTTG,Antibody Capture
AB-ENSG00000150637,AB-CD226,R2,^NNNNNNNNNN(BC),TCTCAGTGTTTGTGG,Antibody Capture
AB-ENSG00000272398,AB-CD24,R2,^NNNNNNNNNN(BC),AGATTCCTTCGTGTT,Antibody Capture
AB-ENSG00000122223,AB-CD244,R2,^NNNNNNNNNN(BC),TCGCTTGGATGGTAG,Antibody Capture
AB-ENSG00000139193,AB-CD27,R2,^NNNNNNNNNN(BC),GCACTCCTGCATGTA,Antibody Capture
AB-ENSG00000120217,AB-CD274,R2,^NNNNNNNNNN(BC),GTTGTCCGACAATAC,Antibody Capture
AB-ENSG00000178562,AB-CD28,R2,^NNNNNNNNNN(BC),TGAGAACGACCCTAA,Antibody Capture
AB-ENSG00000105383,AB-CD33,R2,^NNNNNNNNNN(BC),TAACTCAGGGCCTAT,Antibody Capture
AB-ENSG00000135218,AB-CD36,R2,^NNNNNNNNNN(BC),TTCTTTGCCTTGCCA,Antibody Capture
AB-ENSG00000004468,AB-CD38,R2,^NNNNNNNNNN(BC),TGTACCCGCTTGTGA,Antibody Capture
AB-ENSG00000167286,AB-CD3D,R2,^NNNNNNNNNN(BC),CTCATTGTAACTCCT,Antibody Capture
AB-ENSG00000010610,AB-CD4,R2,^NNNNNNNNNN(BC),TGTTCCCGCTCAACT,Antibody Capture
AB-ENSG00000101017,AB-CD40,R2,^NNNNNNNNNN(BC),CTCAGATGGAGTATG,Antibody Capture
AB-ENSG00000102245,AB-CD40LG,R2,^NNNNNNNNNN(BC),GCTAGATAGATGCAA,Antibody Capture
AB-ENSG00000026508,AB-CD44,R2,^NNNNNNNNNN(BC),TGGCTTCAGGTCCTA,Antibody Capture
AB-ENSG00000196776,AB-CD47,R2,^NNNNNNNNNN(BC),GCATTCTGTCACCTA,Antibody Capture
AB-ENSG00000117091,AB-CD48,R2,^NNNNNNNNNN(BC),CTACGACGTAGAAGA,Antibody Capture
AB-ENSG00000110448,AB-CD5,R2,^NNNNNNNNNN(BC),CATTAACGGGATGCC,Antibody Capture
AB-ENSG00000169442,AB-CD52,R2,^NNNNNNNNNN(BC),CTTTGTACGAGCAAA,Antibody Capture
AB-ENSG00000116815,AB-CD58,R2,^NNNNNNNNNN(BC),GTTCCTATGGACGAC,Antibody Capture
AB-ENSG00000110848,AB-CD69,R2,^NNNNNNNNNN(BC),GTCTCTTGGCTTAAA,Antibody Capture
AB-ENSG00000173762,AB-CD7,R2,^NNNNNNNNNN(BC),TGGATTCCCGGACTT,Antibody Capture
AB-ENSG00000007312,AB-CD79B,R2,^NNNNNNNNNN(BC),ATTCTTCAACCGAAG,Antibody Capture
AB-ENSG00000110651,AB-CD81,R2,^NNNNNNNNNN(BC),GTATCCTTCCTTGGC,Antibody Capture
AB-ENSG00000085117,AB-CD82,R2,^NNNNNNNNNN(BC),TCCCACTTCCGCTTT,Antibody Capture
AB-ENSG00000112149,AB-CD83,R2,^NNNNNNNNNN(BC),CCACTCATTTCCGGT,Antibody Capture
AB-ENSG00000114013,AB-CD86,R2,^NNNNNNNNNN(BC),GTCTTTGTCAGTGCA,Antibody Capture
AB-ENSG00000153563,AB-CD8A,R2,^NNNNNNNNNN(BC),GCGCAACTTGATGAT,Antibody Capture
AB-ENSG00000002586,AB-CD99,R2,^NNNNNNNNNN(BC),ACCCGTCCCTAAGAA,Antibody Capture
AB-ENSG00000172322,AB-CLEC12A,R2,^NNNNNNNNNN(BC),CATTAGAGTCTGCCA,Antibody Capture
AB-ENSG00000198178,AB-CLEC4C,R2,^NNNNNNNNNN(BC),GAGATGTCCGAATTT,Antibody Capture
AB-ENSG00000203710,AB-CR1,R2,^NNNNNNNNNN(BC),ACTTCCGTCGATCTT,Antibody Capture
AB-ENSG00000117322,AB-CR2,R2,^NNNNNNNNNN(BC),AACCTAGTAGTTCGG,Antibody Capture
AB-ENSG00000163599,AB-CTLA4,R2,^NNNNNNNNNN(BC),ATGGTTCACGTAATC,Antibody Capture
AB-ENSG00000168329,AB-CX3CR1,R2,^NNNNNNNNNN(BC),AGTATCGTCTCTGGG,Antibody Capture
AB-ENSG00000186810,AB-CXCR3,R2,^NNNNNNNNNN(BC),GCGATGGTAGATTAT,Antibody Capture
AB-ENSG00000160683,AB-CXCR5,R2,^NNNNNNNNNN(BC),AATTCAACCGTCGCC,Antibody Capture
AB-ENSG00000197635,AB-DPP4,R2,^NNNNNNNNNN(BC),GGTGGCTAGATAATG,Antibody Capture
AB-ENSG00000106991,AB-ENG,R2,^NNNNNNNNNN(BC),ATCGTCGAGAGCTAG,Antibody Capture
AB-ENSG00000138185,AB-ENTPD1,R2,^NNNNNNNNNN(BC),TTACCTGGTATCCGT,Antibody Capture
AB-ENSG00000026103,AB-FAS,R2,^NNNNNNNNNN(BC),CCAGCTCATTAGAGC,Antibody Capture
AB-ENSG00000179639,AB-FCER1A,R2,^NNNNNNNNNN(BC),CTCGTTTCCGTATCG,Antibody Capture
AB-ENSG00000104921,AB-FCER2,R2,^NNNNNNNNNN(BC),TCTGTATAACCGTCT,Antibody Capture
AB-ENSG00000150337,AB-FCGR1A,R2,^NNNNNNNNNN(BC),AAGTATGCCCTACGA,Antibody Capture
AB-ENSG00000143226,AB-FCGR2A,R2,^NNNNNNNNNN(BC),GCTTCCGAATTACCG,Antibody Capture
AB-ENSG00000203747,AB-FCGR3A,R2,^NNNNNNNNNN(BC),AAGTTCACTCTTTGC,Antibody Capture
AB-ENSG00000100031,AB-GGT1,R2,^NNNNNNNNNN(BC),CTGATGAGATGTCAG,Antibody Capture
AB-ENSG00000203618,AB-GP1BB,R2,^NNNNNNNNNN(BC),TCCTAGTACCGAAGT,Antibody Capture
AB-ENSG00000206503,AB-HLA-A,R2,^NNNNNNNNNN(BC),TATGCGAGGCTTATC,Antibody Capture
AB-ENSG00000204287,AB-HLA-DRA,R2,^NNNNNNNNNN(BC),AATAGCGAGCAAGTA,Antibody Capture
AB-ENSG00000204592,AB-HLA-E,R2,^NNNNNNNNNN(BC),GAGTCGAGAAATCAT,Antibody Capture
AB-ENSG00000090339,AB-ICAM1,R2,^NNNNNNNNNN(BC),CTGATAGACTTGAGT,Antibody Capture
AB-ENSG00000163600,AB-ICOS,R2,^NNNNNNNNNN(BC),CGCGCACCCATTAAA,Antibody Capture
AB-ENSG00000027697,AB-IFNGR1,R2,^NNNNNNNNNN(BC),TGTGTATTCCCTTGT,Antibody Capture
AB-ENSG00000211898,AB-IGHD,R2,^NNNNNNNNNN(BC),CAGTCTCCGTAGAGT,Antibody Capture
AB-ENSG00000211899,AB-IGHM,R2,^NNNNNNNNNN(BC),TAGCGAGCCCGTATA,Antibody Capture
AB-ENSG00000211592,AB-IGKC,R2,^NNNNNNNNNN(BC),AGCTCAGCCAGTATG,Antibody Capture
AB-ENSG00000134460,AB-IL2RA,R2,^NNNNNNNNNN(BC),TTTGTCCTGTACGCC,Antibody Capture
AB-ENSG00000100385,AB-IL2RB,R2,^NNNNNNNNNN(BC),TCATTTCCTCCGATT,Antibody Capture
AB-ENSG00000185291,AB-IL3RA,R2,^NNNNNNNNNN(BC),CTTCACTCTGTCAGG,Antibody Capture
AB-ENSG00000077238,AB-IL4R,R2,^NNNNNNNNNN(BC),CCGTCCTGATAGATG,Antibody Capture
AB-ENSG00000168685,AB-IL7R,R2,^NNNNNNNNNN(BC),GTGTGTTGTCCTATG,Antibody Capture
AB-ENSG00000213949,AB-ITGA1,R2,^NNNNNNNNNN(BC),ACTGATGGACTCAGA,Antibody Capture
AB-ENSG00000164171,AB-ITGA2,R2,^NNNNNNNNNN(BC),GCTTTCTTCAGTATG,Antibody Capture
AB-ENSG00000005961,AB-ITGA2B,R2,^NNNNNNNNNN(BC),ACGTTGTGGCCTTGT,Antibody Capture
AB-ENSG00000115232,AB-ITGA4,R2,^NNNNNNNNNN(BC),CCATTCAACTTCCGG,Antibody Capture
AB-ENSG00000091409,AB-ITGA6,R2,^NNNNNNNNNN(BC),TTCCGAGGATGATCT,Antibody Capture
AB-ENSG00000083457,AB-ITGAE,R2,^NNNNNNNNNN(BC),GACCTCATTGTGAAT,Antibody Capture
AB-ENSG00000005844,AB-ITGAL,R2,^NNNNNNNNNN(BC),TATATCCTTGTGAGC,Antibody Capture
AB-ENSG00000169896,AB-ITGAM,R2,^NNNNNNNNNN(BC),GACAAGTGATCTGCA,Antibody Capture
AB-ENSG00000140678,AB-ITGAX,R2,^NNNNNNNNNN(BC),TACGCCTATAACTTG,Antibody Capture
AB-ENSG00000150093,AB-ITGB1,R2,^NNNNNNNNNN(BC),GTATTCCCTCAGTCA,Antibody Capture
AB-ENSG00000160255,AB-ITGB2,R2,^NNNNNNNNNN(BC),TATTGGGACACTTCT,Antibody Capture
AB-ENSG00000139626,AB-ITGB7,R2,^NNNNNNNNNN(BC),TCCTTGGATGTACCG,Antibody Capture
AB-ENSG00000125498,AB-KIR2DL1,R2,^NNNNNNNNNN(BC),TATCAACCAACGCTT,Antibody Capture
AB-ENSG00000243772,AB-KIR2DL3,R2,^NNNNNNNNNN(BC),GACCCGTAGTTTGAT,Antibody Capture
AB-ENSG00000167633,AB-KIR3DL1,R2,^NNNNNNNNNN(BC),GGACGCTTTCCTTGA,Antibody Capture
AB-ENSG00000111796,AB-KLRB1,R2,^NNNNNNNNNN(BC),GTACGCAGTCCTTCT,Antibody Capture
AB-ENSG00000134539,AB-KLRD1,R2,^NNNNNNNNNN(BC),CTTTCCGGTCCTACA,Antibody Capture
AB-ENSG00000139187,AB-KLRG1,R2,^NNNNNNNNNN(BC),CTTATTTCCTGCCCT,Antibody Capture
AB-ENSG00000213809,AB-KLRK1,R2,^NNNNNNNNNN(BC),CGTGTTTGTTCCTCA,Antibody Capture
AB-ENSG00000089692,AB-LAG3,R2,^NNNNNNNNNN(BC),CATTTGTCTGCCGGT,Antibody Capture
AB-ENSG00000185896,AB-LAMP1,R2,^NNNNNNNNNN(BC),CAGCCCACTGCAATA,Antibody Capture
AB-ENSG00000104972,AB-LILRB1,R2,^NNNNNNNNNN(BC),CCTTGTGAGGCTATG,Antibody Capture
AB-ENSG00000076706,AB-MCAM,R2,^NNNNNNNNNN(BC),CCTTGGATAACATCA,Antibody Capture
AB-ENSG00000156738,AB-MS4A1,R2,^NNNNNNNNNN(BC),TTCTGGGTCCCTAGA,Antibody Capture
AB-ENSG00000149294,AB-NCAM1,R2,^NNNNNNNNNN(BC),TCCTTTCCTGATAGG,Antibody Capture
AB-ENSG00000189430,AB-NCR1,R2,^NNNNNNNNNN(BC),ACAATTTGAACAGCG,Antibody Capture
AB-ENSG00000130202,AB-NECTIN2,R2,^NNNNNNNNNN(BC),AACCTTCCGTCTAAG,Antibody Capture
AB-ENSG00000135318,AB-NT5E,R2,^NNNNNNNNNN(BC),CAGTTCCTCAGTTCG,Antibody Capture
AB-ENSG00000173391,AB-OLR1,R2,^NNNNNNNNNN(BC),ACCCTTTACCGAATA,Antibody Capture
AB-ENSG00000188389,AB-PDCD1,R2,^NNNNNNNNNN(BC),ACAGCGCCGTATTTA,Antibody Capture
AB-ENSG00000261371,AB-PECAM1,R2,^NNNNNNNNNN(BC),ACCTTTATGCCACGG,Antibody Capture
AB-HI100,AB-CD45RA,R2,^NNNNNNNNNN(BC),TCAATCCTTCCGCTT,Antibody Capture
AB-UCHL1,AB-CD45RO,R2,^NNNNNNNNNN(BC),CTCCGAATCATGTTG,Antibody Capture
AB-HI30,AB-CD45,R2,^NNNNNNNNNN(BC),TGCAATTACCCGGAT,Antibody Capture
AB-ENSG00000073008,AB-PVR,R2,^NNNNNNNNNN(BC),ATCACATCGTTGCCA,Antibody Capture
AB-ENSG00000188404,AB-SELL,R2,^NNNNNNNNNN(BC),GTCCCTGCAACTTGA,Antibody Capture
AB-ENSG00000174175,AB-SELP,R2,^NNNNNNNNNN(BC),CCTTCCGTATCCCTT,Antibody Capture
AB-ENSG00000088827,AB-SIGLEC1,R2,^NNNNNNNNNN(BC),TACTCAGCGTGTTTG,Antibody Capture
AB-ENSG00000168995,AB-SIGLEC7,R2,^NNNNNNNNNN(BC),CTTAGCATTTCACTG,Antibody Capture
AB-ENSG00000162739,AB-SLAMF6,R2,^NNNNNNNNNN(BC),AGTTTCCACTCAGGC,Antibody Capture
AB-ENSG00000026751,AB-SLAMF7,R2,^NNNNNNNNNN(BC),AGTATGCCATGTCTT,Antibody Capture
AB-ENSG00000072274,AB-TFRC,R2,^NNNNNNNNNN(BC),CCGTGTTCCTCATTA,Antibody Capture
AB-ENSG00000178726,AB-THBD,R2,^NNNNNNNNNN(BC),GGATAACCGCGCTTT,Antibody Capture
AB-ENSG00000181847,AB-TIGIT,R2,^NNNNNNNNNN(BC),TTGCTTACCGCCAGA,Antibody Capture
AB-ENSG00000240505,AB-TNFRSF13B,R2,^NNNNNNNNNN(BC),AGTGATGGAGCGAAC,Antibody Capture
AB-ENSG00000159958,AB-TNFRSF13C,R2,^NNNNNNNNNN(BC),CGAAGTCGATCCGTA,Antibody Capture
AB-ENSG00000157873,AB-TNFRSF14,R2,^NNNNNNNNNN(BC),TGATAGAAACAGACC,Antibody Capture
AB-ENSG00000186827,AB-TNFRSF4,R2,^NNNNNNNNNN(BC),AACCCACCGTTGTTA,Antibody Capture
AB-ENSG00000049249,AB-TNFRSF9,R2,^NNNNNNNNNN(BC),CAGTAAGTTCGGGAC,Antibody Capture
AB-MOPC-21,AB-mouse_IgG1,R2,^NNNNNNNNNN(BC),GCCGGACGACATTAA,Antibody Capture
AB-MOPC-173,AB-mouse_IgG2a,R2,^NNNNNNNNNN(BC),CTCCTACCTAAACTG,Antibody Capture
AB-MPC-11,AB-mouse_IgG2b,R2,^NNNNNNNNNN(BC),ATATGTATCACGCGA,Antibody Capture
AB-RTK4530,AB-rat_IgG2b,R2,^NNNNNNNNNN(BC),GATTCTTGACGACCT,Antibody Capture
AB-IP26,AB-TCRab,R2,^NNNNNNNNNN(BC),CGTAACGTAGAGCGA,Antibody Capture
AB-RTK2071,AB-rat_IgG1,R2,^NNNNNNNNNN(BC),ATCAGATGCCCTCAT,Antibody Capture
AB-RTK2758,AB-rat_IgG2a,R2,^NNNNNNNNNN(BC),AAGTCAGGTTCGTTT,Antibody Capture
AB-HTK888,AB-hamster_IgG,R2,^NNNNNNNNNN(BC),CCTGTCATTAAGACT,Antibody Capture
AB-3C10,AB-TCRVa7.2,R2,^NNNNNNNNNN(BC),TACGAGCAGTATTCA,Antibody Capture
AB-B6,AB-TCRVd2,R2,^NNNNNNNNNN(BC),TCAGTCAGATGGTAT,Antibody Capture
AB-MHL-38,AB-IgL,R2,^NNNNNNNNNN(BC),CAGCCAGTAAGTCAC,Antibody Capture